{
  "project_info": {
    "project_number": "889434664450",
    "firebase_url": "https://csfinal-82343.firebaseio.com",
    "project_id": "csfinal-82343",
    "storage_bucket": "csfinal-82343.appspot.com"
  },
  "client": [
    {
      "client_info": {
        "mobilesdk_app_id": "1:889434664450:android:42d7bcac390c9aac6cc11b",
        "android_client_info": {
          "package_name": "com.example.myapplication"
        }
      },
      "oauth_client": [
        {
          "client_id": "889434664450-vh8nnhsm0lfo4269m9bevc4eugc8e4t9.apps.googleusercontent.com",
          "client_type": 3
        }
      ],
      "api_key": [
        {
          "current_key": "AIzaSyDCWb8cs5pMOtJoFr7Y19MyGTXvalGnQFI"
        }
      ],
      "services": {
        "appinvite_service": {
          "other_platform_oauth_client": [
            {
              "client_id": "889434664450-vh8nnhsm0lfo4269m9bevc4eugc8e4t9.apps.googleusercontent.com",
              "client_type": 3
            }
          ]
        }
      }
    }
  ],
  "configuration_version": "1"
}